res,acq,rel,valid
setter,<init>,close,False
manager,<init>,stop,True
pdf,open,close,True
query,start,stop,False
write to lock,lock,unlock,True
dump,start,end,True
channel,start,stop,True
sd to lock,lock,unlock,True
downloading listing lock,lock,unlock,True
metrics,start,stop,False
application holder,acquire,release,True
data reader,<init>,close,True
suggester,<init>,close,True
auto focus manager,<init>,stop,True
transaction,<init>,close,True
instantiate close lock,lock,unlock,True
serializing lock,acquire,release,True
stmt,execute,close,True
dataset,<init>,close,False
scheduler,<init>,release,True
props,<init>,close,True
web server,start,stop,True
advapi32,open,close,True
zip stream,<init>,close,True
lock db,lock,unlock,True
btm lock,lock,unlock,True
source,open,close,True
state lock,acquire,release,True
app,<init>,stop,True
context,begin,end,True
transaction manager,begin,resume,True
image stream,<init>,close,True
centers out,<init>,close,True
inf,acquire,release,True
command,<init>,close,True
thread monitor,start,stop,True
fs,create,close,True
locks,lock,unlock,True
buf,begin,end,True
output lock,lock,unlock,True
files,<init>,close,True
index writer,<init>,close,True
hive conf lock,lock,unlock,True
bank lock,lock,unlock,True
conn write lock,lock,unlock,True
url conn,connect,disconnect,True
python,acquire,release,True
taxo reader,<init>,close,True
gerrit server,start,stop,True
iv cmd,begin,end,True
file manager,<init>,release,True
guard,begin,end,True
cms,lock,unlock,True
ctx,start,stop,True
persistence manager,acquire,release,True
stats,begin,end,True
buffer lock,lock,unlock,True
connector status lock,lock,unlock,True
ui,start,end,False
connection,<init>,disconnect,True
time,begin,end,False
output directory init lock,lock,unlock,True
walk,<init>,release,True
txn lock,lock,unlock,True
delegate read lock,lock,unlock,True
client,execute,release,True
log writer,<init>,close,True
name,<init>,close,False
decoder,<init>,close,True
delete,<init>,release,False
osw,<init>,close,True
repaint manager,begin,end,True
plt read lock,lock,unlock,True
meta connection,<init>,close,True
host alert lock,lock,unlock,True
dr f lock,acquire,release,True
ip sec service,open,close,True
buf,<init>,close,True
neural connection,connect,disconnect,True
remote device,begin,end,True
handler,start,stop,True
obj in,<init>,close,True
consumer,<init>,close,True
instance,start,stop,True
stamped lock,try,unlock,True
subscription lock,lock,unlock,True
database,begin,end,True
dialog,<init>,close,True
scanner,<init>,close,True
newp,<init>,close,True
out channel,<init>,close,True
send stream,start,stop,True
lock manager,lock,unlock,True
reader,start,stop,True
app,<init>,close,True
xml,open,close,True
agg,open,close,False
file,<init>,release,True
db,create,close,True
file system,<init>,close,True
time string lock,lock,unlock,True
proxy lock,lock,unlock,True
sess,begin,close,True
xml file,<init>,close,True
mg,<init>,end,True
holder,lock,unlock,True
file,create,close,True
storage,<init>,close,True
process,<init>,close,True
timer,lock,unlock,True
pwr iter,<init>,close,False
slice,start,end,False
shader,begin,end,False
object input stream,<init>,close,True
connection,begin,end,True
deserializer,open,close,True
proto output,start,end,True
snapshot lock,lock,unlock,True
row write lock,lock,unlock,True
orient db,open,close,True
changes,<init>,end,False
pub sub output handler lock manager,lock,unlock,True
resp reader,start,stop,True
head lock,lock,unlock,True
cpu wake lock,acquire,release,True
gzip in,<init>,close,True
packetizer,start,stop,True
volume,open,close,True
renderer,start,end,True
task,start,stop,True
file write lock,lock,unlock,True
provider registration mutex,lock,unlock,True
client,connect,close,True
supervisor lock,lock,unlock,True
buffered file output,<init>,close,True
server socket,open,close,True
track lock,lock,unlock,True
resource,<init>,close,True
tag writer,start,end,True
service manager,start,stop,True
context,begin,close,True
armored output,begin,end,True
dispatcher,<init>,stop,True
snk,<init>,close,True
resource,open,close,True
store,open,close,True
conservative journaling lock,lock,unlock,True
mutex,acquire,release,True
timer lock,lock,unlock,True
converter,<init>,close,True
extract path lock,lock,unlock,True
data file writer,create,close,True
adapter,start,stop,True
root,<init>,close,False
decode,acquire,release,False
pout,<init>,close,True
aggregate statistics lock,lock,unlock,True
manager,<init>,close,True
pool,borrow,close,True
api,begin,end,False
messages batch lock,lock,unlock,True
drools ctx,start,stop,True
provider,connect,disconnect,True
extract sw,start,stop,True
callback,open,close,False
profile task,start,stop,True
cfw,start,stop,True
it,open,close,False
pending puts lock,lock,unlock,True
job lock,lock,unlock,True
eam db,execute,close,True
output,<init>,end,True
termination release lock,lock,unlock,True
pr,<init>,close,True
dns server,start,stop,True
output,<init>,close,True
ou,<init>,close,True
client,connect,disconnect,True
pdf,<init>,close,True
accelerometer monitor,start,stop,True
searcher manager,acquire,release,True
selection,start,end,False
sync,acquire,release,True
result,begin,end,False
cryptor stream,<init>,close,True
service,open,close,True
ber,begin,end,True
socket,<init>,close,True
row,<init>,close,False
xml input stream,<init>,close,True
html printer,start,end,True
all threads lock,lock,unlock,True
http connection,connect,disconnect,True
je dis,connect,disconnect,True
channel,connect,close,True
sc,connect,close,True
futs cnt lock,lock,unlock,True
jul hijacking lock,lock,unlock,True
zos,<init>,close,True
state write lock,lock,unlock,True
record store,open,close,True
server,register,unregister,True
pw lock,lock,unlock,True
xml input,<init>,close,True
directory,<init>,close,True
database context,lock,unlock,True
nature,start,end,False
search manager lock,lock,unlock,True
bobs stop manager,start,stop,True
dependency recorder,start,end,False
renderer,begin,end,False
text source,open,close,True
system log handler,start,stop,True
ack lock,lock,unlock,True
zip input stream,<init>,close,True
token,start,end,False
token,acquire,release,True
ctx,register,close,True
offset,start,end,False
timer,start,stop,True
iw,<init>,close,True
tout,<init>,close,True
obj out,<init>,close,True
editor,open,close,True
ts,<init>,close,True
region,start,close,False
os,create,close,True
sessions lock,lock,unlock,True
helper,start,end,False
downloaded file stream,<init>,close,True
completion semaphore,<init>,release,True
state,begin,end,False
latch,acquire,release,True
channel,<init>,close,True
searcher,<init>,close,False
property list stream,<init>,close,True
open connections lock,lock,unlock,True
action queue lock,lock,unlock,True
bee setup lock,lock,unlock,True
kill lock,lock,unlock,True
http service,start,stop,True
mgr,create,close,True
coll,open,close,False
tag,<init>,close,False
static,open,close,False
iterator,<init>,close,False
muxer,start,release,True
directory,open,close,True
cis,<init>,close,True
http url connection,connect,disconnect,True
era,start,end,False
sql,execute,close,True
ui stats,start,end,False
doc,start,end,True
jar stream,<init>,close,True
profiler static,start,stop,False
ms,publish,stop,True
info,lock,unlock,False
storage,<init>,release,True
admin,<init>,close,False
db,<init>,close,True
gauge monitor,start,stop,True
unfinished lock,lock,unlock,True
in file,<init>,close,True
receiver,start,stop,True
internal lock,lock,unlock,True
comp bytes,<init>,close,True
connection manager,start,stop,True
manager,start,end,True
db,activate,close,True
fs,acquire,release,True
shape,<init>,close,False
stringer,<init>,end,True
spill lock,lock,unlock,True
toolbar,activate,deactivate,False
leader retrieval service,start,stop,True
handler,<init>,close,True
task,<init>,close,True
reader,initialize,close,True
info popup,<init>,close,False
asn1 input stream,<init>,close,True
guard,open,close,False
image,<init>,close,True
leader lock,lock,unlock,True
cert stream,<init>,close,True
factory,<init>,close,True
dialog,open,close,True
prest,execute,close,True
id gen lock,lock,unlock,True
simple byte cache,acquire,release,True
stream reader,<init>,close,True
exchange,<init>,end,False
lock,<init>,release,True
client,<init>,stop,True
pem,<init>,close,True
contents,<init>,close,True
decompresser,<init>,end,True
batch manager,start,stop,True
selector,open,close,True
buf,start,end,True
sshd,start,stop,True
rf,<init>,close,True
resize lock,lock,unlock,True
jar input stream,<init>,close,True
poll lock,lock,unlock,True
writer,create,close,True
ds lock,lock,unlock,True
indicator,<init>,stop,True
error result,<init>,close,False
ins,<init>,close,True
trace,begin,end,True
sw,start,stop,False
fail sink,open,close,False
lib core os,open,close,True
google api client,connect,disconnect,True
file store,<init>,close,True
output stream writer,<init>,close,True
con,lock,unlock,True
reader,begin,end,True
fop,<init>,close,True
riw,<init>,close,True
receiver,start,end,True
tez session,start,stop,True
cluster service lock,lock,unlock,True
de,open,close,True
fresco sys trace,begin,end,False
qeh,<init>,close,False
res,<init>,release,True
connection,connect,disconnect,True
endpoint,start,close,True
je dis,<init>,close,True
fill lock,lock,unlock,True
connection,open,close,True
event,start,end,True
url conn,<init>,disconnect,True
test ra file,<init>,close,True
stdout,<init>,close,True
input mapping lock,lock,unlock,True
blob store stats,<init>,close,True
iis,<init>,close,True
session service,start,close,True
json,begin,close,True
usb,open,close,True
session service,open,close,True
monitor,start,stop,True
tar,<init>,close,True
config,lock,unlock,True
metrics,start,end,False
tar archive,<init>,close,True
model,begin,end,False
delete,<init>,close,False
xml output,begin,end,True
ts profiler,start,stop,True
file,lock,unlock,True
blob store,<init>,close,True
file,start,stop,True
random access file,<init>,close,True
in stream,<init>,close,True
transaction,begin,end,True
conn,<init>,close,True
local broadcast manager,register,unregister,True
copier,<init>,close,True
input stream,<init>,close,True
sample lock,lock,unlock,True
output command,<init>,close,True
stamper,<init>,close,True
instance,<init>,unlock,True
prog,<init>,close,True
init block builder,begin,end,False
dest,<init>,close,False
format,open,close,False
service manager,<init>,stop,True
aux,lock,unlock,True
last reader,open,close,True
resource locks,lock,unlock,True
next lock,lock,unlock,True
edit,<init>,end,True
connection handler,start,end,True
ctx,search,close,True
dlm,start,close,True
foo,<init>,close,True
gate,lock,unlock,True
output,open,close,True
remote info,lock,unlock,True
